<?xml version="1.0" encoding="UTF-8"?>
    <addon id="repository.ViendoKodiStreaming" name="[COLOR blue]ViendoKodi[/COLOR] [COLOR red]Streaming[/COLOR] Repository" version="0.1.0" provider-name="Viendo Kodi Team">
        <requires>
            <import addon="xbmc.addon" version="12.0.0"/>
        </requires>
        <extension point="xbmc.addon.repository" name="[COLOR blue]ViendoKodi[/COLOR] [COLOR red]Streaming[/COLOR] Repository">
            <info compressed="false">https://raw.githubusercontent.com/mrbluesky404/_repo/addons.xml</info>
            <checksum>https://raw.githubusercontent.com/mrbluesky404/_repo/addons.xml.md5</checksum>
            <datadir zip="true">https://raw.githubusercontent.com/mrbluesky404/_repo/</datadir>
            <hashes>false</hashes>
        </extension>
        <extension point="xbmc.addon.metadata">
            <summary>Tv y Cine para Kodi</summary>
            <description>Permite visualizar los canales de tv ofrecidos por diferentes Webs.[CR] Ademas de peliculas de web de torrent.</description>
            <platform>all</platform>
    </extension>
</addon>